{
    "8117492678": {
        "points": 0,
        "invites": 0,
        "invited_users": [],
        "bought_channels": {},
        "joined_channels": {},
        "username": "TT7DH",
        "first_name": "E=☭²⚛️",
        "last_name": ".",
        "first_join": "2026-01-18 20:03:33",
        "total_earned": 0,
        "total_spent": 0,
        "orders": [],
        "reports_made": 0,
        "reports_received": 0,
        "last_active": "2026-01-18 20:03:38",
        "active_subscriptions": [],
        "daily_gift": {
            "last_claimed": null,
            "streak": 0,
            "total_claimed": 0
        },
        "reported_channels": [],
        "inactive": false,
        "left_channels": [],
        "transactions": [],
        "temp_left_channels": [],
        "permanent_left_channels": [],
        "left_completed_channels": []
    },
    "8575629457": {
        "points": 0,
        "invites": 0,
        "invited_users": [],
        "bought_channels": {},
        "joined_channels": {},
        "username": "TE0BA0",
        "first_name": "✨",
        "last_name": "",
        "first_join": "2026-01-18 20:03:45",
        "total_earned": 0,
        "total_spent": 0,
        "orders": [],
        "reports_made": 0,
        "reports_received": 0,
        "last_active": "2026-01-18 20:03:45",
        "active_subscriptions": [],
        "daily_gift": {
            "last_claimed": null,
            "streak": 0,
            "total_claimed": 0
        },
        "reported_channels": [],
        "inactive": false,
        "left_channels": [],
        "transactions": [],
        "temp_left_channels": [],
        "permanent_left_channels": [],
        "left_completed_channels": []
    }
}